title,description,source,source_url,published,hours_old,url,is_govt_source,sector,sentiment,sentiment_confidence,impact_score,valence,arousal,geopolitical_risk,affected_companies,second_order_beneficiaries,catalyst_type,price_direction,time_horizon,conviction,macro_sensitivity,one_line_insight,signal_reason,contrarian_flag,contrarian_reason,sentiment_num,weighted_risk_score,signal_decay,recency_weighted_impact,catalyst_weight,z_score,shock_status
US Stock Market: Wall Street rally faces crucial test this week as big tech earnings and Fed decision loom,"Indian markets are watching US stocks closely. A strong rally faces key tests this week. Major companies report earnings, especially tech giants. The US Federal Reserve meets, with interest rates expected to hold steady. Geopolitical tensions in the Middle East remain a concern. Economic data will also provide insights. Investors anticipate potential market volatility.",ET Markets,https://economictimes.indiatimes.com/markets/rssfeeds/1977021501.cms,2026-04-27 09:27:55 IST,0.7,https://economictimes.indiatimes.com/markets/us-stocks/news/us-stock-market-wall-street-rally-faces-crucial-test-this-week-as-big-tech-earnings-and-fed-decision-loom/articleshow/130543472.cms,False,IT,neutral,0.7,7,0.5,0.6,True,"['Apple', 'Microsoft', 'Amazon', 'Alphabet']","['NVIDIA', 'Salesforce', 'Adobe', 'Zoom']",earnings,neutral,swing_2_5days,medium,high,US tech earnings and Fed decisions could lead to market volatility impacting Indian markets.,"The upcoming earnings reports from major tech companies and the Federal Reserve's interest rate decision are critical for market direction, especially amid geopolitical tensions.",False,,0,0.0,0.99,6.93,1.3,0.0,Normal
Global Market: Japan stock rally faces test as Middle East conflict clouds earnings outlook,"Japanese companies enter earnings season on a strong footing, but Middle East tensions pose risks to growth, inflation, and energy costs. While tech optimism and reforms support equities, caution is rising. Despite resilience in earnings expectations, external uncertainties may slow momentum in what has been a strong market rally.",ET Markets,https://economictimes.indiatimes.com/markets/rssfeeds/1977021501.cms,2026-04-27 09:51:05 IST,0.3,https://economictimes.indiatimes.com/markets/us-stocks/news/global-market-japan-stock-rally-faces-test-as-middle-east-conflict-clouds-earnings-outlook/articleshow/130543786.cms,False,IT,negative,0.75,7,0.3,0.5,True,"['Sony', 'Toyota', 'SoftBank', 'Nintendo']","['NVIDIA', 'AMD', 'Apple', 'Samsung']",global_event,bearish,swing_2_5days,medium,high,Middle East tensions may dampen the strong earnings outlook for Japanese tech companies despite their current resilience.,"The ongoing conflict in the Middle East introduces uncertainty that could impact growth and inflation, affecting market sentiment and earnings expectations.",False,,-1,100.0,0.996,6.97,0.9,0.0,Normal
"Silver dips Rs 1,400, gold at Rs 1.52 lakh as stalled Iran talks, rising oil prices raise rate hike fears. Key levels for today","Gold and silver prices opened lower on MCX as rising crude oil prices and stalled U.S.-Iran talks heightened inflation and rate hike concerns. Analysts expect volatility, with key support and resistance levels identified. Despite inflation hedging traits, higher interest rates may limit gold’s upside in the near term.",ET Markets,https://economictimes.indiatimes.com/markets/rssfeeds/1977021501.cms,2026-04-27 09:25:02 IST,0.7,https://economictimes.indiatimes.com/markets/commodities/news/gold-silver-prices-today-in-delhi-chennai-mumbai-and-hyderabad-on-27-april-2026-silver-dips-rs-1400-gold-at-rs-1-52-lakh-as-stalled-iran-talks-rising-oil-prices-raise-rate-hike-fears-key-levels-for-today/articleshow/130543433.cms,False,Other,negative,0.75,7,0.2,0.6,True,"['Goldman Sachs', 'Barrick Gold', 'Newmont Corporation', 'Silver Wheaton']","['Energy Sector Companies', 'Inflation-Linked Bonds', 'Commodities Traders', 'Hedge Funds']",global_event,bearish,swing_2_5days,medium,high,Rising oil prices and stalled Iran talks are likely to pressure gold and silver prices in the short term.,The combination of geopolitical tensions and inflation concerns is expected to create volatility in precious metals markets.,False,,-1,73.5,0.99,6.93,0.9,0.0,Normal
"Global Market: Investors face triple test this week from geopolitics, rate outlook and tech earnings","Global markets brace for a crucial week. Geopolitical tensions involving Iran and the Strait of Hormuz are a major focus. Shifting interest rate expectations from the US Federal Reserve and European central banks add to uncertainty. Big Tech earnings, especially those related to artificial intelligence, will also shape investor sentiment. This convergence of factors promises significant market movement.",ET Markets,https://economictimes.indiatimes.com/markets/rssfeeds/1977021501.cms,2026-04-27 09:48:22 IST,0.4,https://economictimes.indiatimes.com/markets/us-stocks/news/global-market-investors-face-triple-test-this-week-from-geopolitics-rate-outlook-and-tech-earnings/articleshow/130543744.cms,False,IT,neutral,0.7,8,0.5,0.6,True,"['Apple', 'Microsoft', 'Google', 'Amazon']","['NVIDIA', 'AMD', 'Salesforce', 'Zoom']",global_event,neutral,swing_2_5days,medium,high,Investors should prepare for volatility as geopolitical tensions and tech earnings converge this week.,"The combination of geopolitical risks and earnings reports from major tech companies creates uncertainty, impacting market sentiment.",False,,0,0.0,0.994,7.95,0.9,0.93,Watch
Global Market Update: Market cap of South Korean-listed firms surpasses $4.08 trillion for 1st time,"South Korea's stock market has crossed a significant milestone, exceeding 6,000 trillion won in total capitalization. This surge is largely fueled by strong anticipation for the semiconductor sector. Major companies like Samsung Electronics and SK Hynix are performing well, contributing to the market's bullish run. Investors are focusing on upcoming corporate earnings, indicating continued market interest.",ET Markets,https://economictimes.indiatimes.com/markets/rssfeeds/1977021501.cms,2026-04-27 09:16:47 IST,0.9,https://economictimes.indiatimes.com/markets/us-stocks/news/global-market-update-market-cap-of-south-korean-listed-firms-surpasses-4-08-trillion-for-1st-time/articleshow/130543337.cms,False,IT,positive,0.85,8,0.7,0.6,False,"['Samsung Electronics', 'SK Hynix', 'LG Display', 'Naver']","['ASML', 'Taiwan Semiconductor Manufacturing Company', 'Micron Technology', 'Broadcom']",earnings,bullish,swing_2_5days,high,medium,"The South Korean stock market's milestone reflects strong investor confidence, particularly in the semiconductor sector.","The significant market cap increase is driven by strong performance and anticipation of earnings in the semiconductor sector, indicating bullish sentiment.",False,,1,0.0,0.987,7.9,1.3,0.93,Watch
"Axis Bank shares tank 5% after weak Q4. What are Motilal Oswal, other top brokerages saying?","Axis Bank shares fell after a muted Q4FY26, with net profit slipping 0.6% YoY to Rs 7,071 crore, even as both interest income and expenses rose 4.7%, weighing on investor sentiment.",ET Markets,https://economictimes.indiatimes.com/markets/rssfeeds/1977021501.cms,2026-04-27 09:42:41 IST,0.4,https://economictimes.indiatimes.com/markets/stocks/news/axis-bank-shares-tank-5-after-weak-q4-what-are-motilal-oswal-other-top-brokerages-saying/articleshow/130543633.cms,False,Banking,negative,0.85,7,0.2,0.4,False,['Axis Bank'],"['HDFC Bank', 'ICICI Bank', 'State Bank of India', 'Kotak Mahindra Bank']",earnings,bearish,swing_2_5days,high,medium,"Axis Bank's weak Q4 results indicate potential challenges in the banking sector, impacting investor confidence.",The decline in net profit despite rising interest income suggests underlying issues that could affect future performance.,False,,-1,100.0,0.994,6.96,1.3,0.0,Normal
"Sensex rises over 500 points, Nifty above 24,050 as Iran sends peace proposal to US. What lies ahead?","Indian markets rebounded on Monday, breaking a two-day losing streak, as investor sentiment improved following reports of an Iranian peace proposal to the US. The Sensex surged over 400 points, surpassing 77,000, while the Nifty climbed above 24,000. Broader markets also saw gains, with small and midcap indices rising.",ET Markets,https://economictimes.indiatimes.com/markets/rssfeeds/1977021501.cms,2026-04-27 09:25:18 IST,0.7,https://economictimes.indiatimes.com/markets/stocks/news/sensex-rises-over-400-points-nifty-tops-24000-as-iran-sends-peace-proposal-to-us-what-lies-ahead/articleshow/130543395.cms,False,Other,positive,0.85,8,0.7,0.6,True,"['Reliance Industries', 'Tata Steel', 'HDFC Bank', 'Infosys']","['Adani Group', 'Larsen & Toubro', 'Maruti Suzuki', 'Bajaj Finance']",global_event,bullish,swing_2_5days,medium,high,"The Iranian peace proposal to the US boosts investor sentiment, leading to a significant market rebound.","Improved geopolitical relations can lead to increased market stability and investor confidence, driving stock prices up.",False,,1,0.0,0.99,7.92,0.9,0.93,Watch
"Reliance Industries shares dip over 1% after Q4 results. What are Goldman Sachs, Morgan Stanley, others saying?","Reliance Industries shares fell over 1% after reporting a 13% YoY drop in Q4 profit despite strong revenue growth. Brokerages remain largely positive, citing recovery potential in O2C, steady retail and digital growth, and improving margins, although near-term pressures persist across segments including energy and petrochemicals.",ET Markets,https://economictimes.indiatimes.com/markets/rssfeeds/1977021501.cms,2026-04-27 09:45:14 IST,0.4,https://economictimes.indiatimes.com/markets/stocks/news/reliance-industries-shares-dip-over-1-after-q4-results-what-are-goldman-sachs-morgan-stanley-others-saying/articleshow/130543681.cms,False,Energy,negative,0.75,6,0.3,0.4,False,['Reliance Industries'],"['Hindustan Petroleum', 'Bharat Petroleum', 'Tata Power', 'Adani Green Energy']",earnings,bearish,swing_2_5days,medium,medium,"Reliance Industries faces short-term pressure despite strong revenue growth, impacting investor sentiment.","The dip in shares is attributed to a significant drop in profit, although brokerages maintain a positive outlook for recovery in certain segments.",False,,-1,84.0,0.994,5.96,1.3,-0.93,Normal
Wipro share buyback: Here’s why retail investors should participate,"IT services major Wipro announced a Rs 15,000 crore share buyback at Rs 250 per share, a premium of over 25% to its previous closing price. Brokerages recommend participation, projecting potential net returns of 8-14% for retail investors within 2-3 months, citing high acceptance ratios based on past trends.",ET Markets,https://economictimes.indiatimes.com/markets/rssfeeds/1977021501.cms,2026-04-27 09:20:49 IST,0.8,https://economictimes.indiatimes.com/markets/stocks/news/wipro-share-buyback-heres-why-retail-investors-should-participate/articleshow/130543382.cms,False,IT,positive,0.85,8,0.7,0.6,False,['Wipro'],"['TCS', 'Infosys', 'HCL Technologies', 'Tech Mahindra']",earnings,bullish,swing_2_5days,high,medium,"Wipro's substantial share buyback signals strong confidence, offering retail investors a lucrative opportunity.","The buyback at a premium indicates Wipro's commitment to enhancing shareholder value, supported by positive brokerage recommendations.",False,,1,0.0,0.989,7.91,1.3,0.93,Watch
"Vedanta demerger: When will the four new stocks list on BSE, NSE? Here’s what recent demergers indicate","Mining giant Vedanta is set to demerge four businesses into separate listed entities, with May 1 as the record date. Shareholders will receive one share of each new company for every Vedanta share held. While listing dates are unannounced, past demergers suggest a timeline of 3 weeks to several months.",ET Markets,https://economictimes.indiatimes.com/markets/rssfeeds/1977021501.cms,2026-04-27 09:32:28 IST,0.6,https://economictimes.indiatimes.com/markets/stocks/news/vedanta-demerger-when-will-the-four-new-stocks-list-on-bse-nse-heres-what-recent-demergers-indicate/articleshow/130543516.cms,False,Other,positive,0.75,7,0.6,0.5,False,"['Vedanta', 'Tata Steel', 'Hindalco', 'Coal India']","['Adani Group', 'JSW Steel', 'NALCO', 'Sesa Goa']",other,bullish,swing_2_5days,medium,medium,Vedanta's demerger could unlock value for shareholders and attract investor interest in the new entities.,Demerger events historically lead to increased stock volatility and potential price appreciation as new entities are evaluated by the market.,False,,1,0.0,0.991,6.94,0.7,0.0,Normal
"ET Awards: Sitharaman flags AI threat and global risks, says reforms on the way to support India Inc growth",Finance Minister Nirmala Sitharaman is preparing new reforms to ease business compliance. She believes strong domestic consumption will help India overcome global challenges. The government is also addressing cybersecurity threats from advanced AI models. Sitharaman assures that reforms will continue to support industry growth and manufacturing.,ET Economy,https://economictimes.indiatimes.com/economy/rssfeeds/1373380680.cms,2026-04-27 07:02:17 IST,3.1,https://economictimes.indiatimes.com/news/economy/policy/et-awards-sitharaman-flags-ai-threat-and-global-risks-says-reforms-on-the-way-to-support-india-inc-growth/articleshow/130541686.cms,False,Other,positive,0.8,7,0.6,0.5,False,"['Tata Consultancy Services', 'Infosys', 'Wipro', 'HCL Technologies']","['Reliance Industries', 'Larsen & Toubro', 'Mahindra & Mahindra', 'Bharat Electronics']",policy_change,bullish,swing_2_5days,medium,medium,The government's focus on reforms and AI cybersecurity could bolster growth in the IT and manufacturing sectors.,The announcement of reforms aimed at easing business compliance and addressing AI threats indicates a supportive environment for industry growth.,False,,1,0.0,0.956,6.69,1.6,0.0,Normal
"India must identify key chokepoints, mitigate both supply &amp; price risks: EAC-PM Chairman S Mahendra Dev","The unrest in West Asia highlights India's urgent need for improved risk management strategies. This is a crucial time for India to pinpoint critical economic vulnerabilities in sectors like energy, agriculture, and mineral resources. Emphasizing the diversification of supply sources alongside an increase in renewable energy initiatives is vital. Despite the challenges, the economy stays strong with manageable inflation rates.",ET Economy,https://economictimes.indiatimes.com/economy/rssfeeds/1373380680.cms,2026-04-27 00:18:19 IST,9.9,https://economictimes.indiatimes.com/news/economy/indicators/india-must-identify-key-chokepoints-mitigate-both-supply-price-risks-eac-pm-chairman-s-mahendra-dev/articleshow/130538428.cms,False,Energy,neutral,0.7,6,0.5,0.4,True,"['Reliance Industries', 'NTPC', 'Tata Power', 'Adani Green Energy']","['Siemens', 'Schneider Electric', 'L&T', 'ABB']",policy_change,bullish,positional_weeks,medium,high,India's focus on risk management in energy supply could lead to increased investments in renewable energy.,The emphasis on diversification and renewable energy initiatives suggests potential growth opportunities in the energy sector.,False,,0,0.0,0.96,5.76,1.6,-0.93,Normal
India's wheat production resilient despite setbacks: Agri ministry,India's wheat output for the 2025-26 crop year is stable. The agriculture ministry assures resilience despite unseasonal rains and hailstorms. Increased acreage and better seed varieties are offsetting localized damage. Procurement data from key states shows healthy production. The overall scenario remains strong and steady.,ET Economy,https://economictimes.indiatimes.com/economy/rssfeeds/1373380680.cms,2026-04-26 14:50:55 IST,19.3,https://economictimes.indiatimes.com/news/economy/agriculture/indias-wheat-production-resilient-despite-setbacks-agri-ministry/articleshow/130529188.cms,False,Other,positive,0.85,7,0.8,0.6,False,"['ITC Limited', 'Britannia Industries', 'Cargill India', 'Adani Wilmar']","['Farmers', 'Agricultural Equipment Manufacturers', 'Fertilizer Companies', 'Food Processing Firms']",policy_change,bullish,swing_2_5days,medium,medium,Stable wheat production in India signals positive outlook for agricultural stocks and related sectors.,"Resilience in wheat production despite adverse weather conditions indicates strong agricultural fundamentals, benefiting related companies.",False,,1,0.0,0.757,5.3,1.6,0.0,Normal
New Zealand to sign FTA with India tomorrow; Luxon calls it ‘once-in-a-generation deal’,"New Zealand Prime Minister Christopher Luxon announced a Free Trade Agreement with India will be signed Monday. This landmark deal opens one of the world's largest markets to New Zealand exporters. The agreement provides unprecedented access to India's 1.4 billion people and its fast-growing economy. It is expected to boost incomes, create jobs, and strengthen New Zealand's global competitive position.",ET Economy,https://economictimes.indiatimes.com/economy/rssfeeds/1373380680.cms,2026-04-26 16:00:11 IST,18.2,https://economictimes.indiatimes.com/news/economy/foreign-trade/new-zealand-and-india-set-to-sign-historic-free-trade-agreement-a-game-changer-for-kiwi-exporters/articleshow/130530026.cms,False,Other,positive,0.85,8,0.7,0.6,False,"['Fisher & Paykel Healthcare', 'A2 Milk Company', 'Zespri', 'Fletcher Building']","['Indian exporters', 'Logistics companies', 'Agricultural firms', 'Tourism sector']",policy_change,bullish,positional_weeks,high,medium,"The FTA between New Zealand and India is likely to enhance trade opportunities, benefiting exporters and related sectors.","The agreement opens a significant market for New Zealand, which could lead to increased revenues and job creation in various sectors.",False,,1,0.0,0.928,7.42,1.6,0.93,Watch
"India plans global diplomatic push across Europe, Africa, BRICS and Quad in May","India is set to ramp up its global diplomacy in May, with multiple high-level engagements across Europe, Africa and key groupings such as BRICS and the Quad, aimed at advancing a multipolar world order. Narendra Modi is expected to visit Europe for the India-Nordic Summit and bilateral talks in Italy and the Netherlands, while India will host the fourth Africa Summit on May 31, with several African leaders likely to attend.",ET Economy,https://economictimes.indiatimes.com/economy/rssfeeds/1373380680.cms,2026-04-26 08:24:13 IST,25.8,https://economictimes.indiatimes.com/news/economy/foreign-trade/india-plans-global-diplomatic-push-across-europe-africa-brics-and-quad-in-may/articleshow/130525514.cms,False,Other,positive,0.75,7,0.8,0.6,True,"['Tata Consultancy Services', 'Infosys', 'Wipro', 'Mahindra & Mahindra']","['HDFC Bank', 'ICICI Bank', 'Reliance Industries', 'Larsen & Toubro']",global_event,bullish,positional_weeks,medium,medium,"India's diplomatic initiatives could enhance trade relations, benefiting major Indian corporations.","Increased global engagement may lead to favorable trade agreements and investments, positively impacting the Indian economy.",False,,1,0.0,0.899,6.29,0.9,0.0,Normal
India–New Zealand FTA talks near finish after decade-long gap,"India and New Zealand are set to sign an FTA after talks resumed in 2024, ending a 10-year pause. The deal aims to double bilateral trade to $5 billion within the next five years.",ET Economy,https://economictimes.indiatimes.com/economy/rssfeeds/1373380680.cms,2026-04-27 00:16:46 IST,9.9,https://economictimes.indiatimes.com/news/economy/foreign-trade/indianew-zealand-fta-talks-near-finish-after-decade-long-gap/articleshow/130538396.cms,False,Other,positive,0.85,7,0.8,0.6,False,"['Tata Group', 'Infosys', 'Hindustan Unilever', 'Mahindra & Mahindra']","['Logistics companies', 'Exporters', 'Importers', 'Agriculture sector']",policy_change,bullish,positional_weeks,medium,medium,"The India-New Zealand FTA is likely to boost trade and benefit various sectors, particularly in manufacturing and services.","The resumption of FTA talks indicates a positive shift in trade relations, which could enhance market opportunities for companies involved in bilateral trade.",False,,1,0.0,0.96,6.72,1.6,0.0,Normal
"Hormuz disruption, $100 oil pose risks to India's inflation, rupee: Union Bank","The West Asia conflict and Strait of Hormuz disruptions pose significant risks to India's economy, driving crude oil prices above $100/bbl. This is pressuring inflation, the rupee, and the current account, with the Indian rupee already sliding to record lows. The RBI is intervening to stabilize markets amid these elevated geopolitical uncertainties.",ET Economy,https://economictimes.indiatimes.com/economy/rssfeeds/1373380680.cms,2026-04-26 10:07:51 IST,24.0,https://economictimes.indiatimes.com/news/economy/indicators/hormuz-disruption-100-oil-pose-risks-to-indias-inflation-rupee-union-bank/articleshow/130526409.cms,False,Energy,negative,0.85,8,0.2,0.7,True,"['Indian Oil Corporation', 'Reliance Industries', 'Bharat Petroleum', 'Hindustan Petroleum']","['Goldman Sachs', 'JP Morgan', 'HDFC Bank', 'Axis Bank']",global_event,bearish,positional_weeks,high,high,"Rising oil prices due to geopolitical tensions could exacerbate inflation and weaken the rupee, impacting the Indian economy significantly.",The disruption in the Strait of Hormuz and rising oil prices are likely to lead to increased inflationary pressures and currency depreciation in India.,False,,-1,100.0,0.906,7.25,0.9,0.93,Watch
FTA with New Zealand to provide huge opportunities for Agra's leather exporters: Goyal,"India and New Zealand are set to sign a free trade agreement on April 27. This pact will significantly boost bilateral trade. Indian companies, especially leather exporters from Agra, will gain duty-free access to New Zealand markets. The agreement aims to double trade and attract substantial investment over fifteen years.",ET Economy,https://economictimes.indiatimes.com/economy/rssfeeds/1373380680.cms,2026-04-26 13:59:08 IST,20.2,https://economictimes.indiatimes.com/news/economy/foreign-trade/fta-with-new-zealand-to-provide-huge-opportunities-for-agras-leather-exporters-goyal/articleshow/130528711.cms,False,Other,positive,0.85,8,0.7,0.6,False,"['Agra Leather Co.', 'Leather Exporters Association of Agra', 'XYZ Leather Pvt Ltd', 'Agra Footwear Ltd']","['Logistics Companies', 'Packaging Suppliers', 'Retailers of Leather Goods', 'E-commerce Platforms']",policy_change,bullish,positional_weeks,high,medium,"The FTA with New Zealand is set to significantly enhance Agra's leather export market, driving growth and investment.","The free trade agreement will eliminate tariffs, making Indian leather products more competitive in New Zealand, thus boosting exports.",False,,1,0.0,0.92,7.36,1.6,0.93,Watch
"India following diversified strategy to boost exports to China, cut import dependence: Official",India is pursuing a multi-pronged approach to boost its exports to China. The nation is focusing on building its own industrial capabilities and reducing reliance on Chinese imports. This strategy aims to create resilient supply chains and enhance India's export capacity.,ET Economy,https://economictimes.indiatimes.com/economy/rssfeeds/1373380680.cms,2026-04-26 11:45:49 IST,22.4,https://economictimes.indiatimes.com/news/economy/foreign-trade/india-following-diversified-strategy-to-boost-exports-to-china-cut-import-dependence-official/articleshow/130527302.cms,False,Manufacturing,positive,0.85,7,0.8,0.6,True,"['Tata Steel', 'Larsen & Toubro', 'Mahindra & Mahindra', 'Bharat Forge']","['Adani Ports', 'Hindustan Aeronautics', 'Siemens', 'ABB']",policy_change,bullish,positional_weeks,medium,medium,India's strategy to enhance exports to China could bolster domestic manufacturing and reduce import reliance.,"The government's focus on building industrial capabilities indicates a positive shift for manufacturing companies, potentially leading to increased revenues.",False,,1,0.0,0.912,6.38,1.6,0.0,Normal
PJSC MGKL becomes first Russian publicly listed co to get global scale issuer rating in India,"PJSC MGKL, Russia’s first publicly listed resale operator, has received a ‘CareEdge B-/Stable’ global long-term issuer rating from CareEdge Global IFSC Limited, becoming the first Russian firm to be rated in India.",ET Economy,https://economictimes.indiatimes.com/economy/rssfeeds/1373380680.cms,2026-04-26 07:55:31 IST,26.2,https://economictimes.indiatimes.com/news/economy/foreign-trade/pjsc-mgkl-becomes-first-russian-publicly-listed-co-to-get-global-scale-issuer-rating-in-india/articleshow/130525465.cms,False,Other,positive,0.85,7,0.6,0.5,True,['PJSC MGKL'],"['CareEdge Global IFSC Limited', 'Indian financial institutions', 'Russian companies', 'Investors in emerging markets']",global_event,bullish,positional_weeks,medium,medium,PJSC MGKL's global issuer rating in India opens doors for Russian firms in international markets.,"The rating enhances credibility and may attract foreign investment into Russian companies, especially in India.",False,,1,0.0,0.898,6.29,0.9,0.0,Normal
"Kissht to launch Rs 926 crore IPO on April 30; targets Rs 3,026 crore valuation",Digital lending platform Kissht is preparing for its initial public offering. The IPO is scheduled to launch on April 30. Kissht aims to raise Rs 926 crore through this offering. The company has set a price band of Rs 162 to Rs 171 per share.,ET Startups,https://economictimes.indiatimes.com/small-biz/startups/rssfeeds/13357270.cms,2026-04-27 09:24:19 IST,0.8,https://economictimes.indiatimes.com/tech/technology/kissht-to-launch-rs-926-crore-ipo-on-april-30-targets-rs-3026-crore-valuation/articleshow/130543355.cms,False,Fintech,positive,0.85,7,0.7,0.6,False,['Kissht'],"['Paytm', 'Zerodha', 'Razorpay', 'PhonePe']",other,bullish,swing_2_5days,medium,medium,"Kissht's upcoming IPO indicates strong investor interest in digital lending, potentially boosting the fintech sector.",The IPO launch and targeted valuation suggest confidence in the company's growth prospects and the overall fintech market.,False,,1,0.0,0.989,6.92,0.7,0.0,Normal
Inside AI-led digital storefronts; Lalit Keshre’s big ET Awards win,Happy Monday! Digital platforms and brands are building their own AI storefronts. This and more in today’s ETtech Morning Dispatch.,ET Startups,https://economictimes.indiatimes.com/small-biz/startups/rssfeeds/13357270.cms,2026-04-27 07:08:46 IST,3.0,https://economictimes.indiatimes.com/tech/newsletters/morning-dispatch/inside-ai-led-digital-storefronts-lalit-keshres-big-et-awards-win/articleshow/130541596.cms,False,IT,positive,0.85,7,0.8,0.6,False,"[""Lalit Keshre's Company"", 'Shopify', 'Amazon', 'Adobe']","['AI Software Providers', 'Cloud Service Providers', 'E-commerce Platforms', 'Digital Marketing Firms']",sector_tailwind,bullish,swing_2_5days,medium,medium,The rise of AI-led digital storefronts presents significant growth opportunities in the IT sector.,"The headline indicates a positive trend towards AI integration in e-commerce, which can drive innovation and revenue growth.",False,,1,0.0,0.958,6.71,1.2,0.0,Normal
"Cost pressures part of normal market evolution, says LTM CEO","LTM CEO Venu Lambu downplayed AI-led deflation concerns, framing pricing pressures as normal market evolution requiring adaptation. He emphasized execution as the key challenge amidst a generational technology shift, with LTM restructuring into three service lines, including a new business AI unit, to drive growth and double revenue.",ET Startups,https://economictimes.indiatimes.com/small-biz/startups/rssfeeds/13357270.cms,2026-04-27 06:00:00 IST,4.2,https://economictimes.indiatimes.com/tech/information-tech/cost-pressures-part-of-normal-market-evolution-says-ltm-ceo/articleshow/130537042.cms,False,IT,neutral,0.7,6,0.5,0.4,False,['LTM'],"['AI Tech Firms', 'Consulting Firms', 'Cloud Service Providers', 'Software Development Companies']",management_change,bullish,positional_weeks,medium,medium,LTM's restructuring and focus on AI could position it well for future growth despite current cost pressures.,"The CEO's emphasis on adaptation and execution amidst a technology shift suggests a proactive approach to market challenges, which could enhance investor confidence.",False,,0,0.0,0.983,5.9,1.0,-0.93,Normal
Stage set for Elon Musk's court battle with OpenAI,"As the courtroom doors swing open on Monday, tech titan Elon Musk steps into a fierce clash against AI powerhouse OpenAI. Musk argues that the organization has strayed from its foundational mission of serving the greater good. With OpenAI's ChatGPT challenging Musk's own AI initiative, Grok, the stakes couldn't be higher.",ET Startups,https://economictimes.indiatimes.com/small-biz/startups/rssfeeds/13357270.cms,2026-04-27 08:18:25 IST,1.8,https://economictimes.indiatimes.com/tech/technology/stage-set-for-elon-musks-court-battle-with-openai/articleshow/130542479.cms,False,IT,negative,0.75,7,0.2,0.6,False,"['OpenAI', 'Tesla', 'X Corp', 'Grok']","['Microsoft', 'Google', 'NVIDIA', 'Amazon']",other,bearish,swing_2_5days,medium,medium,"Elon Musk's legal confrontation with OpenAI may create volatility in tech stocks, particularly those involved in AI.","The court battle highlights a significant conflict in the AI sector, potentially impacting investor sentiment and stock performance of involved companies.",True,"While the market may react negatively to the news, it could present a buying opportunity for companies that adapt well to the evolving AI landscape.",-1,84.0,0.974,6.82,0.7,0.0,Normal
ET Awards: RateGain Travel Technologies wins Emerging Company of the Year aided by AI-powered growth,"RateGain Travel Technologies has emerged as a leader in digital solutions for the rebounding global travel sector. The Noida-based firm, leveraging AI and real-time data from over 1,100 sources, has achieved significant revenue growth and profitability. Its ability to scale rapidly post-pandemic and maintain strong client retention earned it the Emerging Company of the Year award.",ET Startups,https://economictimes.indiatimes.com/small-biz/startups/rssfeeds/13357270.cms,2026-04-27 06:00:00 IST,4.2,https://economictimes.indiatimes.com/tech/startups/et-awards-for-corporate-excellence-rategain-travel-technologies-wins-emerging-company-of-the-year-aided-by-ai-powered-growth/articleshow/130535827.cms,False,IT,positive,0.85,8,0.7,0.6,False,['RateGain Travel Technologies'],"['Airlines', 'Hotels', 'Travel Agencies', 'Tour Operators']",sector_tailwind,bullish,positional_weeks,high,medium,"RateGain's recognition as Emerging Company of the Year highlights its strong position in the recovering travel sector, driven by AI innovations.","The award reflects RateGain's successful adaptation and growth in a post-pandemic environment, indicating strong future performance.",False,,1,0.0,0.983,7.86,1.2,0.93,Watch
Andhra CM Naidu to unveil Google AI data centre project in Visakhapatnam,"On April 28, Andhra Pradesh's Chief Minister, N Chandrababu Naidu, will unveil Google's monumental $15 billion AI data centre in Visakhapatnam. With a staggering capacity of 1 GW, this project is set to position Visakhapatnam as a premier technology hub and the AI focal point of Asia.",ET Startups,https://economictimes.indiatimes.com/small-biz/startups/rssfeeds/13357270.cms,2026-04-27 08:20:16 IST,1.8,https://economictimes.indiatimes.com/tech/artificial-intelligence/andhra-cm-naidu-to-launch-google-ai-data-centre-project-in-visakhapatnam/articleshow/130542451.cms,False,IT,positive,0.85,8,0.9,0.7,False,"['Google', 'Microsoft', 'Amazon', 'IBM']","['Local Tech Startups', 'Construction Firms', 'Telecom Providers', 'Educational Institutions']",global_event,bullish,positional_weeks,high,medium,The unveiling of Google's AI data centre in Visakhapatnam is likely to boost local tech ecosystem and attract further investments.,"The significant investment by Google indicates strong confidence in the region's tech potential, likely leading to increased economic activity and job creation.",False,,1,0.0,0.993,7.94,0.9,0.93,Watch
Tepid FY27 revenue growth awaits top 5 IT services companies,"India's leading IT companies expect modest revenue growth in FY27. Geopolitical issues and economic challenges are impacting client spending. AI is also causing price pressures. Despite these headwinds, companies are maintaining stable margins. Analysts are watching for benefits from new AI services. The focus will be on cost management and capability expansion.",ET Startups,https://economictimes.indiatimes.com/small-biz/startups/rssfeeds/13357270.cms,2026-04-27 06:00:00 IST,4.2,https://economictimes.indiatimes.com/tech/information-tech/tepid-fy27-revenue-growth-awaits-top-5-it-services-companies/articleshow/130536880.cms,False,IT,negative,0.75,6,0.3,0.4,True,"['TCS', 'Infosys', 'Wipro', 'HCL Technologies']","['Cloud service providers', 'AI technology firms', 'Consulting firms', 'Cybersecurity companies']",global_event,bearish,swing_2_5days,medium,high,Modest revenue growth in India's top IT firms signals potential challenges ahead due to geopolitical and economic pressures.,"The combination of tepid growth expectations and external pressures suggests a cautious outlook for the sector, impacting stock performance.",False,,-1,100.0,0.941,5.65,0.9,-0.93,Normal
ET Awards: Lalit Keshre wins Entrepreneur of the Year for building Groww into a publicly traded fintech major in a decade,"Lalit Keshre, cofounder and CEO of Groww, has built India's largest stockbroking platform in under a decade, achieving a successful IPO and significant market capitalisation growth.  Leveraging digital infrastructure, Groww aims to expand into wealth management by building a full-stack platform and identifying gaps in financial services.",ET Startups,https://economictimes.indiatimes.com/small-biz/startups/rssfeeds/13357270.cms,2026-04-27 06:00:00 IST,4.2,https://economictimes.indiatimes.com/tech/startups/lalit-keshre-wins-entrepreneur-of-the-year-for-taking-groww-to-a-rs-1-36-lakh-crore-publicly-traded-fintech-in-a-decade/articleshow/130535751.cms,False,Fintech,positive,0.85,8,0.7,0.6,False,"['Groww', 'Zerodha', 'Paytm Money', 'Upstox']","['HDFC Bank', 'ICICI Bank', 'Axis Bank', 'SBI']",earnings,bullish,positional_weeks,high,medium,Lalit Keshre's recognition as Entrepreneur of the Year highlights Groww's rapid growth and potential in the fintech sector.,"The award signifies strong leadership and innovation in fintech, likely boosting investor confidence and market interest in Groww and similar platforms.",False,,1,0.0,0.983,7.86,1.3,0.93,Watch
HCL-Foxconn selects CTCI as EPC partner for Uttar Pradesh semiconductor facility,"The HCL-Foxconn joint venture has appointed Taiwanese firm CTCI as the EPC partner for its upcoming semiconductor assembly and testing facility in Uttar Pradesh. This Rs 3,706 crore OSAT plant will manufacture display driver chips, marking CTCI's entry into India's semiconductor sector. CTCI's existing relationship with Foxconn was a key factor in securing the deal.",ET Startups,https://economictimes.indiatimes.com/small-biz/startups/rssfeeds/13357270.cms,2026-04-27 06:00:00 IST,4.2,https://economictimes.indiatimes.com/tech/technology/hcl-foxconn-selects-ctci-as-epc-partner-for-uttar-pradesh-semiconductor-facility/articleshow/130535718.cms,False,IT,positive,0.85,8,0.7,0.6,False,"['HCL', 'Foxconn', 'CTCI']","['TSMC', 'Qualcomm', 'NVIDIA', 'Samsung']",capex_announcement,bullish,positional_weeks,high,medium,"The partnership between HCL-Foxconn and CTCI signals a strong commitment to India's semiconductor industry, likely boosting investor confidence.","The establishment of a semiconductor facility is a significant step in enhancing local manufacturing capabilities, which is a positive signal for the IT sector.",False,,1,0.0,0.983,7.86,1.4,0.93,Watch
"Platforms, brands accelerate agentic commerce push as fintechs plug payment gaps","Indian ecommerce giants like Flipkart and Bigbasket are building AI storefronts to enable agentic commerce, allowing AI to shop autonomously on platforms like ChatGPT. Fintechs have enabled payments, paving the way for automated searching, ordering, and payment. Brands are preparing for this future, with quick commerce and travel sectors leading adoption.",ET Startups,https://economictimes.indiatimes.com/small-biz/startups/rssfeeds/13357270.cms,2026-04-27 06:00:00 IST,4.2,https://economictimes.indiatimes.com/tech/technology/platforms-brands-accelerate-agentic-commerce-push-as-fintechs-plug-payment-gaps/articleshow/130535687.cms,False,Fintech,positive,0.85,8,0.7,0.6,False,"['Flipkart', 'Bigbasket', 'ChatGPT', 'Paytm']","['Zomato', 'Ola', 'Swiggy', 'Amazon']",sector_tailwind,bullish,swing_2_5days,high,medium,"The push towards agentic commerce in India, driven by fintechs, is set to revolutionize e-commerce and payment systems.","The integration of AI in shopping and payment processes indicates a significant shift in consumer behavior and market dynamics, benefiting fintechs and e-commerce platforms.",False,,1,0.0,0.941,7.53,1.2,0.93,Watch
ET Awards: Bharti Airtel CEO Shashwat Sharma on company’s resilience and growth through industry upheavals,Bharti Airtel has shown remarkable consistency and resilience over nearly four decades. The company has navigated regulatory challenges and intense competition. Airtel holds a significant market share and leads in average revenue per user. Its revenue and net profit have seen substantial growth. This journey highlights Airtel's successful business strategies and commitment to its customers and people.,ET Industry,https://economictimes.indiatimes.com/industry/rssfeeds/13352306.cms,2026-04-27 09:05:13 IST,1.1,https://economictimes.indiatimes.com/industry/telecom/bharti-airtels-remarkable-resilience-ceo-shashwat-sharma-on-navigating-industry-challenges-and-achieving-unprecedented-growth/articleshow/130543067.cms,False,IT,positive,0.85,8,0.7,0.6,False,['Bharti Airtel'],"['Reliance Jio', 'Vodafone Idea', 'Telecom Equipment Suppliers', 'Digital Service Providers']",sector_tailwind,bullish,positional_weeks,high,medium,Bharti Airtel's resilience and growth amidst industry challenges position it favorably for continued market leadership.,"The company's strong performance metrics and strategic positioning suggest a robust outlook, especially in a competitive landscape.",False,,1,0.0,0.995,7.96,1.2,0.93,Watch
"Essentials, staples drive Reliance's FMCG business, Qcomm push hits retail margins","Reliance's consumer goods arm is seeing strong growth. Daily essentials are now its biggest revenue source, bringing in ₹8,800 crore in FY26. Beverages also performed well. The company's overall FMCG business is projected to reach ₹22,000 crore in FY26. Campa soft drinks lead the brand sales, with Independence staples following closely. Reliance is expanding its product range across various categories.",ET Industry,https://economictimes.indiatimes.com/industry/rssfeeds/13352306.cms,2026-04-27 01:31:57 IST,8.6,https://economictimes.indiatimes.com/industry/cons-products/fmcg/essentials-staples-drive-reliances-fmcg-business-qcomm-push-hits-retail-margins/articleshow/130539272.cms,False,FMCG,positive,0.85,7,0.8,0.6,False,['Reliance Industries'],"['Coca-Cola', 'PepsiCo', 'Nestlé', 'Britannia']",earnings,bullish,positional_weeks,high,medium,Reliance's FMCG growth driven by essentials and beverages positions it strongly in the market.,Strong revenue growth in essentials and beverages indicates robust demand and market positioning.,False,,1,0.0,0.965,6.76,1.3,0.0,Normal
Sun Pharma to buy Organon in $11.75 billion all-cash deal,"Sun Pharmaceutical Industries has agreed to acquire U.S. drugmaker Organon &amp; Co in an all-cash deal valued at approximately $11.75 billion, including debt. The agreement stipulates Sun Pharma will purchase all outstanding Organon shares for $14.00 per share. This acquisition will grant Sun Pharma full ownership of Organon, a company focused on women's health, biosimilars, and established medicines.",ET Industry,https://economictimes.indiatimes.com/industry/rssfeeds/13352306.cms,2026-04-27 06:55:00 IST,3.2,https://economictimes.indiatimes.com/industry/healthcare/biotech/pharmaceuticals/sun-pharma-to-buy-organon-in-11-75-billion-all-cash-deal/articleshow/130541665.cms,False,Healthcare,positive,0.85,8,0.7,0.6,False,"['Sun Pharmaceutical Industries', 'Organon & Co', 'Pfizer', 'Bristol-Myers Squibb']","['Amgen', 'GSK', 'AbbVie', 'Merck & Co']",merger_acquisition,bullish,positional_weeks,high,medium,"Sun Pharma's acquisition of Organon enhances its portfolio in women's health and biosimilars, positioning it for growth.","The acquisition is expected to strengthen Sun Pharma's market position and expand its product offerings, particularly in women's health.",False,,1,0.0,0.987,7.9,0.7,0.93,Watch
"Lodha Developers eyes ₹3,000 crore annuity income, plans 1 GW data centre at Palava, Mumbai","Lodha Developers plans a significant expansion of its annuity income. The company aims for a tenfold increase to over ₹3,000 crore within six years. This growth will be fueled by substantial investments in data centres, retail, and warehousing. A key focus is a 1 GW data centre development near Mumbai.",ET Industry,https://economictimes.indiatimes.com/industry/rssfeeds/13352306.cms,2026-04-27 01:28:14 IST,8.7,https://economictimes.indiatimes.com/industry/services/property-/-cstruction/lodha-developers-eyes-3000-crore-annuity-income-plans-1-gw-data-centre-at-palava-mumbai/articleshow/130539241.cms,False,Other,positive,0.85,8,0.7,0.6,False,"['Lodha Developers', 'Adani Group', 'Tata Realty', 'Godrej Properties']","['Amazon Web Services', 'Microsoft Azure', 'Reliance Jio', 'Bharti Airtel']",capex_announcement,bullish,positional_weeks,high,medium,Lodha Developers' ambitious plan for a 1 GW data centre signals strong growth potential in the real estate and tech infrastructure sectors.,"The significant investment in data centres aligns with the growing demand for digital infrastructure, indicating a robust revenue stream.",False,,1,0.0,0.965,7.72,1.4,0.93,Watch
ET Awards: Cyrus Poonawalla reflects on SII’s mission of affordable vaccines and saving lives worldwide,"Cyrus Poonawalla began Serum Institute of India in 1966 with a goal to make India self-reliant in healthcare. His vision was to provide affordable vaccines and save lives. The institute has since become a global leader, supplying vaccines to over 100 countries. It played a crucial role during the Covid-19 pandemic. Poonawalla hopes his son Adar will continue this mission.",ET Industry,https://economictimes.indiatimes.com/industry/rssfeeds/13352306.cms,2026-04-27 08:48:27 IST,1.3,https://economictimes.indiatimes.com/industry/healthcare/biotech/pharmaceuticals/cyrus-poonawalla-commitment-to-affordable-vaccines-and-global-health-saves-30-million-lives/articleshow/130542811.cms,False,Healthcare,positive,0.85,8,0.7,0.6,False,"['Serum Institute of India', 'Pfizer', 'Moderna', 'AstraZeneca']","['Cold Chain Logistics', 'Healthcare Providers', 'Pharmaceutical Distributors', 'Public Health Organizations']",global_event,bullish,positional_weeks,high,medium,Serum Institute's commitment to affordable vaccines positions it favorably in the growing global healthcare market.,The positive reflection on SII's mission and its historical impact during the pandemic suggests strong future growth potential.,False,,1,0.0,0.995,7.96,0.9,0.93,Watch
Paradise Biryani plans ₹100-crore fundraise,Paradise Biryani plans to raise ₹100 crore. This funding will fuel aggressive expansion. The iconic Hyderabadi brand aims to open 100 new outlets in the next three years. This growth will extend its presence to major cities like Pune and Kolkata. Paradise currently operates 57 stores and expects to reach 160 outlets. The biryani market is experiencing strong growth.,ET Industry,https://economictimes.indiatimes.com/industry/rssfeeds/13352306.cms,2026-04-27 01:29:48 IST,8.7,https://economictimes.indiatimes.com/industry/cons-products/food/paradise-biryani-plans-100-crore-fundraise/articleshow/130539260.cms,False,FMCG,positive,0.85,7,0.8,0.7,False,['Paradise Biryani'],"['Food suppliers', 'Real estate developers', 'Logistics companies', 'Marketing agencies']",capex_announcement,bullish,positional_weeks,high,medium,Paradise Biryani's aggressive expansion plan signals strong growth potential in the FMCG sector.,The planned fundraise and expansion into new cities indicate a robust growth strategy in a thriving market.,False,,1,0.0,0.965,6.76,1.4,0.0,Normal
India's power demand hits record 256 GW on Saturday amid heatwave surge,"Peak demand was comparatively lower at 243 GW during summer 2025 due to favourable weather conditions and an early monsoon. Maximum day temperatures were in the range of 40-45°c over most parts of the country except the western Himalayan region, northeast India, west coast, and southern parts of peninsular India, according to IMD.",ET Industry,https://economictimes.indiatimes.com/industry/rssfeeds/13352306.cms,2026-04-27 00:03:02 IST,10.1,https://economictimes.indiatimes.com/industry/energy/power/indias-power-demand-hits-record-256-gw-on-saturday-amid-heatwave-surge/articleshow/130538069.cms,False,Energy,positive,0.85,7,0.8,0.7,False,"['Tata Power', 'NTPC', 'Adani Green Energy', 'Power Grid Corporation']","['Siemens', 'Schneider Electric', 'ABB', 'L&T']",sector_tailwind,bullish,swing_2_5days,medium,medium,Record power demand amid heatwave indicates strong energy sector performance and potential for growth in related companies.,"Increased demand for electricity due to extreme temperatures suggests a favorable environment for energy companies, particularly those involved in generation and distribution.",False,,1,0.0,0.864,6.05,1.2,0.0,Normal
Boost for tourism: Draft rules finalised for trailer caravans,"India is on the verge of transforming its tourism landscape with the introduction of new guidelines for trailer caravans. The Ministry of Road Transport and Highways is wrapping up its draft rules, ensuring that recreational vehicles and camper vans meet high standards.",ET Industry,https://economictimes.indiatimes.com/industry/rssfeeds/13352306.cms,2026-04-27 00:09:49 IST,10.0,https://economictimes.indiatimes.com/industry/services/travel/boost-for-tourism-draft-rules-finalised-for-trailer-caravans/articleshow/130538259.cms,False,Other,positive,0.85,7,0.8,0.6,False,"['Mahindra & Mahindra', 'Tata Motors', 'Eicher Motors', 'Force Motors']","['Oyo Rooms', 'MakeMyTrip', 'Airbnb', 'Travel Corporation']",policy_change,bullish,swing_2_5days,medium,medium,"The finalization of trailer caravan rules is set to boost India's tourism sector, benefiting automotive and travel companies.","The introduction of guidelines for trailer caravans indicates a shift towards enhancing tourism infrastructure, which can lead to increased demand for recreational vehicles and related services.",False,,1,0.0,0.866,6.06,1.6,0.0,Normal
Air India flight from Mumbai makes 'priority' landing in Bhopal after snag; return leg cancelled,An Air India flight from Mumbai to Bhopal landed safely in Bhopal on Sunday after reporting a technical issue. The aircraft carried 175 people. Airport officials confirmed all safety protocols were followed. The return flight from Bhopal to Mumbai was cancelled to allow for a detailed inspection of the aircraft. Passengers were provided necessary assistance.,ET Industry,https://economictimes.indiatimes.com/industry/rssfeeds/13352306.cms,2026-04-26 23:13:11 IST,10.9,https://economictimes.indiatimes.com/industry/transportation/airlines-/-aviation/air-india-flight-from-mumbai-makes-priority-landing-in-bhopal-after-snag-return-leg-cancelled/articleshow/130536810.cms,False,Other,neutral,0.7,4,0.5,0.3,False,['Air India'],"['Bhopal Airport', 'Mumbai Airport', 'Airline Service Providers', 'Aircraft Maintenance Companies']",global_event,neutral,swing_2_5days,medium,low,"Air India's priority landing highlights operational challenges but ensures passenger safety, with minimal immediate market impact.","The incident reflects operational reliability and safety protocols, which may influence public perception but does not significantly affect stock performance.",False,,0,0.0,0.854,3.42,0.9,-2.78,Normal
"ET Exclusive | Sun Pharma set to acquire Organon for $12.5 bn, its biggest till date",US company’s board meeting is happening this weekend to finalise decision; an announcement is imminent later tonight or by Monday. Mumbai HQed company pips the consortium of EQT-Gruenthal. Sun will pay $4.5 billion for Organon’s equity and inherit $8.5 billion of its debt.,ET Industry,https://economictimes.indiatimes.com/industry/rssfeeds/13352306.cms,2026-04-26 21:16:52 IST,12.9,https://economictimes.indiatimes.com/industry/healthcare/biotech/pharmaceuticals/sun-pharma-set-to-acquire-organon-for-12-5-bn-its-biggest-till-date/articleshow/130534538.cms,False,Healthcare,positive,0.85,8,0.7,0.6,False,"['Sun Pharma', 'Organon']","['Pfizer', 'Merck', 'AbbVie', 'Johnson & Johnson']",merger_acquisition,bullish,positional_weeks,high,medium,"Sun Pharma's acquisition of Organon positions it as a stronger player in the healthcare sector, potentially enhancing its market share and product portfolio.","The acquisition is significant in size and strategic importance, indicating strong growth potential for Sun Pharma.",False,,1,0.0,0.948,7.58,0.7,0.93,Watch
Axis Bank share price tumbles 5% after Q4 results: Should you still buy? Here's what brokerages say,"Axis Bank shares fell 5% following a slight dip in Q4 profit due to higher provisions and trading losses. Net profit for March quarter was  ₹7,071 crore, down from  ₹7,118 crore last year. The bank increased provisions by 139% to  ₹3,522 crore amid geopolitical tensions.",Livemint Markets,https://www.livemint.com/rss/markets,2026-04-27 10:02:12 IST,0.1,https://www.livemint.com/market/stock-market-news/axis-bank-share-price-tumble-5-after-q4-results-should-you-still-buy-heres-what-brokerages-say-11777263494241.html,False,Banking,negative,0.85,7,0.2,0.4,True,['Axis Bank'],"['HDFC Bank', 'ICICI Bank', 'State Bank of India', 'Kotak Mahindra Bank']",earnings,bearish,swing_2_5days,medium,high,"Axis Bank's Q4 results reveal increased provisions and trading losses, leading to a 5% drop in share price amidst geopolitical tensions.","The significant increase in provisions and slight dip in profit indicate potential ongoing challenges for Axis Bank, impacting investor sentiment negatively.",False,,-1,100.0,0.999,6.99,1.3,0.0,Normal
Sun Pharma share price rises 5% on acquisition of US-based Organon. What should investors do?,"Sun Pharma share price surged 5% on Monday after the acquisition of US-based Organon. Here's all the details about the deal, along with experts opinion on the stock outlook.",Livemint Markets,https://www.livemint.com/rss/markets,2026-04-27 09:23:26 IST,0.8,https://www.livemint.com/market/stock-market-news/sun-pharma-share-price-rises-5-on-acquistion-of-us-based-organon-do-you-own-11777260268814.html,False,Healthcare,positive,0.85,7,0.8,0.6,False,"['Sun Pharma', 'Organon', 'Pfizer', 'Merck']","['Cipla', ""Dr. Reddy's"", 'Aurobindo Pharma', 'Lupin']",acquisition,bullish,swing_2_5days,high,medium,Sun Pharma's acquisition of Organon is likely to enhance its market position and drive growth.,"The acquisition is expected to provide Sun Pharma with new product offerings and market access, boosting investor confidence.",False,,1,0.0,0.989,6.92,0.7,0.0,Normal
"Paytm share price crashes 8% after RBI cancels Paytm Payments Bank License — Should you buy, sell or hold?","Shares of One97 Communications, parent of fintech Paytm, tumbled as much as 8% in early trade on Monday, 27 April, after the Reserve Bank of India (RBI) cancelled the license of Paytm Payments Bank Ltd, more than two years after restricting its core business activities.",Livemint Markets,https://www.livemint.com/rss/markets,2026-04-27 09:26:07 IST,0.7,https://www.livemint.com/market/stock-market-news/paytm-share-price-crashes-8-after-rbi-cancels-paytm-payments-bank-license-should-you-buy-sell-or-hold-11777261953109.html,False,Fintech,negative,0.85,8,0.1,0.7,False,"['One97 Communications', 'Paytm Payments Bank', 'PhonePe', 'MobiKwik']","['HDFC Bank', 'ICICI Bank', 'Axis Bank', 'State Bank of India']",rbi_action,bearish,swing_2_5days,high,high,The cancellation of Paytm Payments Bank's license by RBI poses significant risks to Paytm's business model and investor confidence.,"The RBI's action indicates regulatory challenges for Paytm, which could lead to further declines in share price and investor sentiment.",False,,-1,96.0,0.99,7.92,1.5,0.93,Watch
IDFC First Bank share price jumps 3% after Q4 results 2026: Is the stock worth buying? Here's what brokerages say,"IDFC First Bank's share price rose 3% after reporting a 5% increase in Q4 FY26 net profit to  ₹319 crore. Total income climbed to  ₹12,183 crore, aided by growth in lending and improved asset quality, despite a fraud incident impacting sentiment.",Livemint Markets,https://www.livemint.com/rss/markets,2026-04-27 09:22:10 IST,0.8,https://www.livemint.com/market/stock-market-news/idfc-first-bank-share-price-jumps-3-after-q4-results-2026-is-the-stock-worth-buying-heres-what-brokerages-say-11777261221921.html,False,Banking,positive,0.85,7,0.6,0.5,False,['IDFC First Bank'],"['HDFC Bank', 'ICICI Bank', 'Axis Bank', 'State Bank of India']",earnings,bullish,swing_2_5days,medium,medium,"IDFC First Bank shows strong earnings growth, indicating potential for further price appreciation despite recent fraud concerns.","The positive earnings report and growth in lending suggest a strong operational performance, which could attract investor interest.",False,,1,0.0,0.989,6.92,1.3,0.0,Normal
"Reliance Industries shares fall after Q4 results. Should you buy, sell or hold?","Reliance Industries shares dropped over 1% after announcing a financial performance for FY26, with revenue up 9.8% to  ₹1,175,919 crore and PAT rising 18.3% to  ₹95,610 crore, despite challenges in the energy sector.",Livemint Markets,https://www.livemint.com/rss/markets,2026-04-27 09:18:41 IST,0.8,https://www.livemint.com/market/stock-market-news/reliance-industries-shares-fall-after-q4-results-should-you-buy-sell-or-hold-11777261371653.html,False,Energy,negative,0.75,6,0.3,0.4,False,['Reliance Industries'],"['ONGC', 'Indian Oil Corporation', 'Bharat Petroleum', 'GAIL']",earnings,bearish,swing_2_5days,medium,medium,Reliance Industries' Q4 results show growth but market reaction indicates concerns over energy sector challenges.,"Despite revenue and PAT growth, the drop in share price suggests investor skepticism about future performance amid sector challenges.",False,,-1,84.0,0.989,5.93,1.3,-0.93,Normal
"IndusInd Bank share price jumps 6% after Q4 results. Should you buy, sell or hold the stock?","IndusInd Bank reported Q4FY26 net profit of  ₹533 crore , as against a loss of  ₹2,236 crore in the year-ago period. The bank’s net interest income (NII) increased 43.4% year-on-year (YoY) to  ₹4,372 crore, while the net interest margin (NIM) improved to 3.39% from 2.25%.",Livemint Markets,https://www.livemint.com/rss/markets,2026-04-27 09:19:40 IST,0.8,https://www.livemint.com/market/stock-market-news/indusind-bank-share-price-jumps-6-after-q4-results-should-you-buy-sell-or-hold-the-stock-11777261367792.html,False,Banking,positive,0.85,8,0.7,0.6,False,['IndusInd Bank'],"['HDFC Bank', 'ICICI Bank', 'Axis Bank', 'State Bank of India']",earnings,bullish,swing_2_5days,high,medium,"IndusInd Bank's strong Q4 results indicate a turnaround, making it a potential buy.","The significant improvement in net profit and net interest income suggests strong operational performance, likely attracting investor interest.",False,,1,0.0,0.989,7.91,1.3,0.93,Watch
"OnEMI Technology Solutions IPO: Price band set at  ₹162-171 per share; check issue detail, key dates, more","OnEMI Technology Solutions has set an IPO price band of  ₹162 to  ₹171 per share, with subscription starting April 30 and closing May 5. The firm aims to raise up to  ₹850 crore, with significant allocations for various investor categories.",Livemint Markets,https://www.livemint.com/rss/markets,2026-04-27 08:36:23 IST,1.6,https://www.livemint.com/market/ipo/onemi-technology-solutions-ipo-price-band-set-at-rs-162-171-per-share-check-issue-detail-key-dates-more-11777257911187.html,False,IT,positive,0.85,7,0.6,0.5,False,['OnEMI Technology Solutions'],"['Investors', 'Underwriters', 'Market Analysts', 'Tech Sector']",other,bullish,swing_2_5days,medium,medium,OnEMI Technology Solutions' IPO pricing indicates strong market interest and potential for growth.,"The IPO price band suggests a favorable valuation, attracting investor interest and indicating confidence in the company's future.",False,,1,0.0,0.977,6.84,0.7,0.0,Normal
"Silver prices fall in India as strong dollar, rising oil prices, and Fed rate fears pressure metals","Investors are watching the Federal Reserve's meeting as the confirmation of Kevin Warsh looms. Precious metals face pressure from a strong dollar and rising oil prices, leading to declines in silver and gold prices amid inflation concerns and geopolitical tensions.",Livemint Markets,https://www.livemint.com/rss/markets,2026-04-27 09:05:57 IST,1.1,https://www.livemint.com/market/commodities/silver-price-in-india-fall-on-strong-dollar-rising-oil-prices-fed-rate-fears-gold-rate-today-also-down-11777257230209.html,False,Other,negative,0.85,7,0.2,0.6,True,"['SilverCorp Metals Inc.', 'First Majestic Silver Corp.', 'Pan American Silver Corp.', 'Wheaton Precious Metals Corp.']","['Barrick Gold Corporation', 'Newmont Corporation', 'Royal Gold, Inc.', 'Franco-Nevada Corporation']",global_event,bearish,swing_2_5days,medium,high,"The decline in silver prices is driven by a strong dollar and rising oil prices, indicating potential volatility in precious metals.","The combination of a strong dollar and rising oil prices is exerting downward pressure on silver and gold prices, which could lead to further declines in the short term.",False,,-1,73.5,0.984,6.89,0.9,0.0,Normal
Gold rate volatile on MCX due to profit booking amid elevated crude oil prices; focus remains on potential US-Iran talks,"As per MCX data, domestic spot gold prices have declined more than 5% since the US-Iran war started. However, year-to-date, the yellow metal is up 13% after a stellar 75% return in 2025.",Livemint Markets,https://www.livemint.com/rss/markets,2026-04-27 09:04:51 IST,1.1,https://www.livemint.com/market/commodities/gold-rate-drops-on-mcx-due-to-profit-booking-amid-elevated-crude-oil-prices-focus-remains-on-potential-us-iran-talks-11777259800574.html,False,Other,neutral,0.65,6,0.4,0.5,True,"['MCX', 'Gold ETFs', 'Crude Oil Producers', 'Mining Companies']","['Jewelry Retailers', 'Hedge Funds', 'Commodity Traders', 'Investment Banks']",global_event,bearish,swing_2_5days,medium,high,"Gold prices are experiencing volatility due to profit booking and geopolitical tensions, presenting a potential buying opportunity for long-term investors.","The decline in gold prices amid geopolitical tensions suggests a market correction, which could be a strategic entry point for investors looking to capitalize on future price increases.",True,"While the market reacts negatively to current volatility, historical trends indicate that gold often rebounds strongly after such corrections, especially in times of geopolitical uncertainty.",0,0.0,0.984,5.9,0.9,-0.93,Normal
Q4 results 2026: Coal India to Varun Beverages among companies to declare Q4 results today; check full list here,"Q4 results 2026: Around 47 companies will be releasing their Q4 results today. Here's a complete list, along with Q4 previews.",Livemint Markets,https://www.livemint.com/rss/markets,2026-04-27 08:25:32 IST,1.7,https://www.livemint.com/market/stock-market-news/q4-results-2026-coal-india-to-varun-beverages-among-companies-to-declare-q4-results-today-check-full-list-here-11777256445082.html,False,Other,neutral,0.6,5,0.5,0.4,False,"['Coal India', 'Varun Beverages']",[],earnings,neutral,swing_2_5days,medium,medium,Earnings announcements from key players like Coal India and Varun Beverages could influence market sentiment but are expected to have a neutral impact overall.,"The release of Q4 results typically leads to short-term volatility, but the overall market sentiment remains neutral as multiple companies are reporting simultaneously.",False,,0,0.0,0.976,4.88,1.3,-1.86,Normal
"JioMart turns Reliance's physical stores into ammo against Blinkit, Zepto","JioMart’s wider assortment, two-hour delivery playbook, powered by Reliance Retail’s offline store network, could force rivals to rethink speed-led strategies as profitability pressures build",Livemint Companies,https://www.livemint.com/rss/companies,2026-04-27 06:00:55 IST,4.1,https://www.livemint.com/companies/jiomart-reliance-retail-quick-commerce-strategy-store-network-challenge-rivals-blinkit-zepto-swiggy-instamart-11777187593481.html,False,Retail,positive,0.85,8,0.7,0.6,False,"['Reliance Retail', 'Blinkit', 'Zepto', 'Amazon']","['Flipkart', 'Dunzo', 'Zomato', 'Swiggy']",sector_tailwind,bullish,swing_2_5days,high,medium,JioMart's strategic use of physical stores enhances its competitive edge against rapid delivery rivals.,"The integration of JioMart's delivery capabilities with Reliance's extensive offline network positions it strongly against competitors, likely boosting market share and investor confidence.",False,,1,0.0,0.943,7.54,1.2,0.93,Watch
Trump hosts crypto contest winners at Mar-a-Lago as his coin languishes,USA-TRUMP-CRYPTOCURRENCY:Trump hosts crypto contest winners at Mar-a-Lago as his coin languishes,Livemint Companies,https://www.livemint.com/rss/companies,2026-04-27 06:29:19 IST,3.7,https://www.livemint.com/companies/trump-hosts-crypto-contest-winners-at-mar-a-lago-as-his-coin-languishes-11777251559829.html,False,Fintech,neutral,0.6,5,0.5,0.4,True,"['TrumpCoin', 'Coinbase', 'Binance', 'Ripple']","['Ethereum', 'Litecoin', 'Cardano', 'Solana']",global_event,bearish,swing_2_5days,medium,high,Trump's engagement with crypto winners may boost interest but highlights the struggles of his own coin.,"The event could generate media attention and interest in the crypto space, but the negative sentiment around Trump's coin may overshadow it.",True,"While the headline suggests a lack of success for Trump's coin, it could attract speculative interest from investors looking for opportunities in the broader crypto market.",0,0.0,0.948,4.74,0.9,-1.86,Normal
"HD Hyundai may start work on  ₹40,000-crore Thoothukudi shipyard next month","The Korean firm plans to go largely solo through a wholly-owned subsidiary in India, the first person said. However, negotiations are also on to include State Industries Promotion Corporation of Tamil Nadu Ltd and the Centre’s Maritime Development Fund as minority equity partners.",Livemint Companies,https://www.livemint.com/rss/companies,2026-04-27 06:00:35 IST,4.1,https://www.livemint.com/companies/news/hd-hyundai-may-begin-work-on-40-000-crore-tn-shipyard-project-next-month-11777183184301.html,False,Manufacturing,positive,0.85,8,0.7,0.6,False,"['HD Hyundai', 'State Industries Promotion Corporation of Tamil Nadu Ltd', 'Maritime Development Fund']","['local suppliers', 'construction firms', 'logistics companies', 'employment agencies']",capex_announcement,bullish,positional_weeks,high,medium,HD Hyundai's investment in the Thoothukudi shipyard signals strong growth potential for the Indian manufacturing sector.,"The significant capital investment indicates confidence in the Indian market and potential job creation, which could positively impact related sectors.",False,,1,0.0,0.983,7.86,1.4,0.93,Watch
The night a big story came directly to Washingtons journalists — hundreds of them,The night a big story came directly to Washington's journalists — hundreds of them,Livemint Companies,https://www.livemint.com/rss/companies,2026-04-27 01:13:45 IST,8.9,https://www.livemint.com/companies/the-night-a-big-story-came-directly-to-washingtons-journalists-hundreds-of-them-11777232625789.html,False,Other,neutral,0.6,5,0.5,0.4,True,[],[],global_event,neutral,intraday,medium,medium,"The influx of journalists indicates a significant news event, potentially impacting market sentiment.",The gathering of journalists suggests a major story that could influence public perception and market dynamics.,False,,0,0.0,0.214,1.07,0.9,-1.86,Normal
Chevron CEO Says Venezuela Must Do More for Oil Industry Revival,"Chevron Corp. Chief Executive Officer Mike Wirth said changes to Venezuela’s oil policy are a sign of progress in trying to attract foreign investment, though further measures are needed.",Livemint Companies,https://www.livemint.com/rss/companies,2026-04-27 01:14:47 IST,8.9,https://www.livemint.com/companies/chevron-ceo-says-venezuela-must-do-more-for-oil-industry-revival-11777232687405.html,False,Energy,neutral,0.7,6,0.5,0.4,True,"['Chevron', 'ExxonMobil', 'TotalEnergies', 'ConocoPhillips']","['Halliburton', 'Schlumberger', 'Baker Hughes', 'Weatherford']",policy_change,neutral,swing_2_5days,medium,high,"Chevron's CEO highlights the need for further policy changes in Venezuela to attract foreign investment, indicating cautious optimism in the energy sector.","The statement reflects a complex geopolitical landscape where foreign investment in Venezuela's oil sector is contingent on policy reforms, which could influence market dynamics.",False,,0,0.0,0.879,5.27,1.6,-0.93,Normal
"India is vital to global AI; AGI requires further breakthroughs, says Google's chief scientist","From flood forecasting to agriculture, Google’s global chief scientist Jeff Dean explains how Indian engineering is driving the company’s AI-first future, while cautioning that true human-level intelligence is still ‘several breakthroughs’ away.",Livemint Companies,https://www.livemint.com/rss/companies,2026-04-27 05:50:35 IST,4.3,https://www.livemint.com/companies/news/india-global-ai-google-chief-scientist-anthropic-openai-tech-giant-sundar-pichai-airtel-agriculture-11777197978808.html,False,IT,positive,0.85,8,0.7,0.6,False,"['Google', 'Infosys', 'TCS', 'Wipro']","['NVIDIA', 'AMD', 'Microsoft', 'IBM']",global_event,bullish,positional_weeks,high,medium,"India's role in AI development positions it as a key player in the tech sector, driving growth for major IT companies.","The emphasis on India's engineering capabilities in AI suggests increased investment and opportunities in the tech sector, particularly for companies involved in AI and machine learning.",False,,1,0.0,0.982,7.86,0.9,0.93,Watch
Motorcycle makers sharpen premium bike plans,The top motorcycle manufacturers are planning for premium bikes to capture double-digit growth and higher margins. This shift serves as a strategic buffer against a slowing entry-level market hampered by rural inflation and geopolitical volatility.,Livemint Companies,https://www.livemint.com/rss/companies,2026-04-27 05:58:15 IST,4.2,https://www.livemint.com/companies/news/motorcycle-makers-sharpen-premium-bike-plans-11777198351050.html,False,Manufacturing,positive,0.85,7,0.6,0.5,True,"['Hero MotoCorp', 'Bajaj Auto', 'TVS Motor Company', 'Royal Enfield']","['Tyre manufacturers', 'Parts suppliers', 'Insurance companies', 'Retailers']",sector_tailwind,bullish,swing_2_5days,medium,medium,"Motorcycle manufacturers are pivoting to premium segments, indicating resilience amid economic challenges.","The shift towards premium bikes suggests manufacturers are adapting to market conditions, potentially leading to improved margins and growth.",False,,1,0.0,0.941,6.59,1.2,0.0,Normal
Who was Vasu Shroff? Dubai's ‘Textile King’ dies at 85,"Vasu Shroff will be cremated on Monday, April 27, around 4:30 pm at the New Sonapur cemetery in Dubai. The cremation will be attended by men only, a report in Khaleej Times said.",Livemint Companies,https://www.livemint.com/rss/companies,2026-04-26 20:50:18 IST,13.3,https://www.livemint.com/companies/people/who-was-vasu-shroff-dubais-textile-king-dies-at-85-11777212727498.html,False,Other,neutral,0.7,3,0.5,0.3,False,[],[],other,neutral,intraday,low,low,The passing of Vasu Shroff may have limited immediate market impact but reflects on the textile industry's legacy in Dubai.,The news is more of a cultural and historical significance rather than a direct market-moving event.,False,,0,0.0,0.1,0.3,0.7,-3.71,Normal
Microsoft plans first ever voluntary retirement: What is it and who is eligible? All you need to know,"The one-time voluntary retirement plan, some eligible employees in the United States will be given the option to retire early.",Livemint Companies,https://www.livemint.com/rss/companies,2026-04-26 22:45:49 IST,11.4,https://www.livemint.com/companies/news/microsoft-plans-first-ever-voluntary-retirement-what-is-it-and-who-is-eligible-all-you-need-to-know-11777222350294.html,False,IT,neutral,0.7,5,0.5,0.3,False,['Microsoft'],"['LinkedIn', 'GitHub', 'Azure', 'Office 365']",management_change,neutral,swing_2_5days,medium,medium,Microsoft's voluntary retirement plan may lead to a shift in workforce dynamics and potential cost savings.,The implementation of a voluntary retirement plan indicates a strategic management decision that could affect operational efficiency and employee morale.,False,,0,0.0,0.848,4.24,1.0,-1.86,Normal
"Jio’s 5G ‘faster lane’ service rollout hinges on policy clarity, demand",Reliance Jio Infocomm Ltd has clarified that it does not plan to introduce network slicing for routine mobile voice or data services at this stage.,Livemint Companies,https://www.livemint.com/rss/companies,2026-04-26 15:46:26 IST,18.4,https://www.livemint.com/companies/jio-5g-premium-services-network-slicing-policy-clarity-demand-future-11777189326879.html,False,IT,neutral,0.7,6,0.5,0.4,False,['Reliance Jio Infocomm Ltd'],"['Bharti Airtel', 'Vodafone Idea', 'Qualcomm', 'Ericsson']",policy_change,neutral,swing_2_5days,medium,medium,"Jio's 5G service rollout is contingent on clear policies and market demand, indicating potential delays.","The lack of immediate plans for network slicing suggests a cautious approach to 5G deployment, which may affect competitive dynamics in the telecom sector.",False,,0,0.0,0.767,4.6,1.6,-0.93,Normal
"Oil jumps over 1% as US-Iran talks stall, Hormuz blockade deepens crisis","Crude prices rose over 1% after US-Iran talks stalled and Hormuz tensions deepened, raising fears of supply disruptions and sharper inventory draws.",Livemint Economy,https://www.livemint.com/rss/economy,2026-04-27 08:07:01 IST,2.0,https://www.livemint.com/economy/india-oil-prices-today-brent-crude-wti-crude-us-iran-talks-donald-trump-strait-of-hormuz-blockade-west-asia-war-11777255848045.html,False,Energy,negative,0.85,8,0.2,0.7,True,"['ExxonMobil', 'Chevron', 'BP', 'Royal Dutch Shell']","['Halliburton', 'Schlumberger', 'Baker Hughes', 'Transocean']",global_event,bullish,swing_2_5days,medium,high,Rising oil prices due to geopolitical tensions may benefit major oil companies despite negative sentiment.,"The stalling of US-Iran talks and the blockade in Hormuz are likely to lead to supply disruptions, pushing oil prices higher.",False,,-1,100.0,0.972,7.78,0.9,0.93,Watch
"India to overhaul firefighting infra, rejig its vehicles and equipment","The government is seeking to address critical gaps in fire safety infrastructure, amid acute shortages of fire stations, equipment and personnel, raising concerns over response readiness as urban fire risks rise.",Livemint Economy,https://www.livemint.com/rss/economy,2026-04-27 06:00:15 IST,4.2,https://www.livemint.com/economy/fire-services-firefighting-vehicles-testing-aria-new-facilities-dg-fire-safety-11777182435967.html,False,Other,positive,0.75,7,0.6,0.5,False,"['Tata Advanced Systems', 'Bharat Electronics', 'Ashok Leyland', 'Mahindra & Mahindra']","['Siemens', 'Honeywell', '3M', 'Johnson Controls']",government_contract,bullish,positional_weeks,medium,medium,Government investment in firefighting infrastructure presents growth opportunities for companies in safety equipment and vehicle manufacturing.,"The overhaul of firefighting infrastructure indicates increased government spending, which can benefit related sectors and companies.",False,,1,0.0,0.983,6.88,1.7,0.0,Normal
The FTA cautionary tale: What India-Korea trade warns us about new global deals,"In their bilateral trade pact, South Korea has gained significantly more than India. As it enters more such pacts, India would do well to review where it fell short with South Korea and why.",Livemint Economy,https://www.livemint.com/rss/economy,2026-04-26 07:00:30 IST,27.1,https://www.livemint.com/economy/fta-cautionary-tale-india-korea-trade-new-global-deals-doubling-bilateral-trade-piyush-goyal-cepa-trade-pact-review-fta-11777034312490.html,False,Other,negative,0.75,7,0.2,0.4,True,"['Tata Steel', 'Mahindra & Mahindra', 'Infosys', 'HDFC Bank']","['Larsen & Toubro', 'Wipro', 'Reliance Industries', 'Bharat Forge']",policy_change,bearish,positional_weeks,medium,high,"India's trade imbalance with South Korea highlights potential risks in future trade agreements, suggesting caution for investors.",The analysis of India's trade performance against South Korea indicates systemic issues that could affect future trade negotiations and economic stability.,True,"While the market may overlook the implications of trade imbalances, this could present an opportunity for companies that adapt to changing trade dynamics.",-1,73.5,0.894,6.26,1.6,0.0,Normal
